city,state,charger_count,fast_ratio,avg_sessions,occupancy,ev_growth,population_density,latitude,longitude,demand_index,demand_level
AHMEDABAD,Gujarat,37,0.8392857142857143,183.5,0.35,15.510000000000002,8272.0,22.996681,72.498226,239.03957142857146,Medium
ATTUR,Tamil Nadu,66,0.49572649572649574,38.5,0.735,17.57,2402.0,11.591985,78.627219,219.77279487179484,Medium
AVINASHI,Tamil Nadu,51,0.4453846153846154,130.0,0.72,16.425,6489.5,11.175093,77.263374,231.35628846153847,Medium
Adilabad,Telangana,4,1.5,126.0,0.48,12.62,9995.0,19.6560251,78.52951,219.6975,Medium
Adoor,Karala,24,0.25,110.0,0.73,13.15,7842.0,9.1621728,76.7219365,188.671,Low
Agartala,Tripura,25,0.16,222.0,0.57,22.48,11330.0,23.8620683,91.2822391,305.01500000000004,High
Agra,Uttar Pradesh,40,1.3779761904761905,138.0,0.6275,13.1775,7081.0,27.2084243325,77.986491495,226.84228571428574,Medium
Ahmedabad,Gujarat,644,0.3731655558179801,145.91304347826087,0.5978260869565217,17.225217391304348,6375.652173913043,23.026691628260867,72.54077627043478,238.05887971801766,Medium
Ahmednagar,Maharashtra,99,0.27500676406926405,185.5,0.5775,17.81,5853.75,19.12478632,74.70160362,250.08957792207792,High
Ajmer,Rajasthan,116,0.21434057337589946,160.5,0.48250000000000004,13.59,5345.25,26.45304315,74.650606575,197.190342201277,Low
Alappuzha,Tamil Nadu,29,0.06896551724137931,30.0,0.36,14.25,7724.0,9.5188743,76.3274171,164.9309655172414,Low
Aligarh,Uttar Pradesh,21,0.23809523809523808,222.0,0.43,24.09,1353.0,28.0236646,77.9738421,314.9693571428571,High
Aluva,Kerala,52,0.32872503840245776,93.5,0.5,18.43,5200.0,10.0999671,76.3476841,232.63675115207374,Medium
Alwar,Rajasthan,33,0.30303030303030304,23.0,0.81,5.87,6874.0,28.1967,76.8128,97.2279090909091,Low
Amboli,Gujarat,47,0.6185897435897436,125.5,0.45999999999999996,13.865,2408.5,21.30157137,72.95378153,201.2869423076923,Low
Ambur,Tamil Nadu,31,0.6431623931623932,147.5,0.6200000000000001,7.395,8588.5,12.77988445,78.71776971,149.9141217948718,Low
Amravati,Maharashtra,35,0.4857142857142857,181.0,0.47,20.97,3312.0,20.909443,77.7522447,282.92742857142855,High
"Amravati, MH",Maharashtra,5,1.6,37.0,0.77,11.82,6477.0,20.909443,77.7522447,197.93849999999998,Low
Amritsar,Punjab,58,0.6586538461538461,44.0,0.695,15.334999999999999,3341.0,31.62268845,74.8848595,203.15511538461539,Low
Anantapur,Andhra pradesh,47,0.8821428571428571,71.5,0.56,13.620000000000001,7225.5,15.1462972,77.3774561,198.15203571428574,Low
Anantapuram,Andhra pradesh,52,0.4022222222222222,99.5,0.7050000000000001,20.884999999999998,5741.0,15.02395,77.620628,266.2871666666666,High
Ananthapur,Andra Pradesh,12,1.0,119.0,0.56,24.95,11862.0,14.65,77.58,329.181,High
Angamali,Kerala,23,0.2537878787878788,137.5,0.605,15.52,8197.0,10.2230435,76.3755255,216.41213636363636,Medium
Angul,Odisha,68,0.465345112403936,113.33333333333333,0.5,19.916666666666668,8037.666666666667,20.832124466666667,85.24052633333334,257.9791867054514,High
Aurangabad,Maharashtra,142,0.8745575041610847,115.16666666666667,0.5633333333333334,11.571666666666667,5953.833333333333,19.90239205,75.3015238,187.80530845816585,Low
Ayodhya,Uttar Pradesh,14,0.5833333333333334,93.5,0.36,17.695,9809.0,26.755089,82.141261,231.7295,Medium
BANGALORE,Karnataka,318,0.710411570101636,158.5625,0.576875,14.1525,5712.5625,12.993282698125,77.59614808375,219.75612835304906,Medium
Balasore,Odisha,38,0.1794871794871795,108.5,0.7849999999999999,12.415000000000001,8583.5,21.497869,86.88961,180.5763653846154,Low
Bangalore,Karnataka,688,0.8220856177931701,142.96875,0.6178125,15.4871875,6098.0625,17.0223926096875,73.592776745,233.7709747837951,Medium
Banglore,Karnataka,356,0.4165514276979925,127.0,0.6244444444444445,16.408333333333335,6644.722222222223,12.975839920555556,77.57991168555556,227.26334838649535,Medium
Baramati,Maharashtra,4,0.5,128.0,0.66,10.11,1974.0,18.206925,74.6085667,165.587,Low
Bardhaman,West Bengal,53,1.0,87.0,0.53,13.543333333333335,7607.333333333333,23.533890633333332,87.30848506666666,204.237,Low
Bareilly,Uttar Pradesh,21,1.6442307692307692,197.5,0.775,20.425,5456.0,28.382522,79.3860412,325.0549230769231,High
Barog,Himachal Pradesh,16,0.75,62.0,0.57,19.04,7072.0,30.8873188,77.0879411,246.18599999999998,High
Basavakalyan,Karnataka,32,0.46875,173.0,0.88,16.44,11196.0,17.8218258,76.9393922,249.31050000000002,High
Bayamari,West Bengal,10,0.4,248.0,0.87,11.49,4603.0,22.4380501,88.763395,212.9515,Low
Bayarmari,West Bengal,5,3.0,244.0,0.62,10.26,8066.0,22.4380501,88.763395,273.13300000000004,High
Beawar Khas,Rajasthan,13,0.9230769230769231,20.0,0.43,9.41,1468.0,26.125,74.3459,138.2763076923077,Low
Beesalpur,Rajasthan,62,0.5989417989417989,135.5,0.58,13.83,4281.0,25.936068,75.458672,206.783753968254,Low
Behror,Rajasthan,42,0.7758620689655172,131.0,0.5900000000000001,14.100000000000001,9574.5,27.8662565,76.2700232,216.56311206896552,Medium
Belgaum,Karnataka,46,0.22115384615384615,82.0,0.845,19.259999999999998,5550.5,15.8191673,74.4937744,243.63486538461535,Medium
Belgavi,Maharashtra,25,0.08,123.0,0.54,24.44,3683.0,15.87491249,74.51340824,292.8915,High
Bellary,Karnataka,36,0.16666666666666666,239.0,0.59,17.96,6318.0,15.18446555,76.66276174,262.259,High
Bengaluru,Karnataka,223,0.5921282719669816,123.88888888888889,0.5933333333333333,14.574444444444445,5316.111111111111,16.394965,76.89195860000001,211.97190371456503,Low
Berhampur,Odisha,38,0.657051282051282,182.0,0.815,21.475,5822.0,19.298988,84.831762,303.24753846153845,High
Bhadalwadi,Maharashtra,6,0.5,134.0,0.66,18.15,10338.0,18.3289,74.7794,251.669,High
Bhagalpur,Bihar,38,0.5478927203065134,135.0,0.475,15.765,6636.5,25.2522094,87.0450289,223.03003160919542,Medium
Bharuch,Gujarat,34,1.1755555555555555,165.0,0.77,11.54,6995.0,21.7164114,72.6562979,214.66416666666666,Medium
Bhilai,Chhattisgarh,38,1.7058823529411764,164.0,0.775,12.990000000000002,7935.0,21.2165392,81.401487,245.41897058823534,Medium
Bhilwara,Rajasthan,33,0.42424242424242425,231.0,0.7,5.84,5832.0,25.38240223,74.61958377,149.29327272727272,Low
Bhimavaram,Madhya Pradesh,51,0.31496710526315785,129.5,0.665,15.7,7043.0,16.5451748,81.5199403,218.97051315789474,Medium
Bhimtal,Uttarakhand,10,0.5,147.0,0.78,14.57,1313.0,29.3237,79.5921,217.60649999999998,Medium
Bhopal,Madhya Pradesh,84,0.785084485407066,97.75,0.645,18.71,3416.5,23.2223822,77.4493971,252.923284562212,High
Bhubaneswar,Odisha,343,0.7588741293488455,133.72222222222223,0.6444444444444444,16.94666666666667,6516.833333333333,20.28260872222222,85.91954651111111,245.03297388046542,Medium
Bhuj,Gujarat,39,0.8603448275862069,191.5,0.645,18.939999999999998,10282.0,23.2655334,69.6786728,284.3513448275862,High
Bhuvanagiri,Telangana,13,0.38461538461538464,125.0,0.57,8.18,5685.0,17.522471,78.924306,141.68096153846153,Low
Bilaspur,Chhattisgarh,35,0.8536184210526316,133.5,0.915,9.795,5363.0,22.0136612,82.0487988,182.49005263157895,Low
Bokaro,Jharkhand,43,0.44907407407407407,76.5,0.53,17.16,2117.0,23.66473,86.073024,218.50572222222223,Medium
Bramavara,Karnataka,40,0.1,77.0,0.74,8.93,2742.0,13.4381,74.7433,131.42100000000002,Low
Butibori,Maharashtra,44,0.8176178660049628,77.5,0.6699999999999999,16.375,8530.0,20.92258656,78.99986387,228.66853598014887,Medium
CHENGALPATTU,TAMIL NADU,48,1.1696428571428572,121.75,0.64,15.5475,7958.0,12.608605,79.92453,240.98078571428573,Medium
CHENNAI,TAMIL NADU,39,0.4357142857142857,193.5,0.495,12.645,3958.5,12.99431,80.18706,202.25067857142855,Low
COIMBATORE,Tamil Nadu,63,0.31896551724137934,188.0,0.56,9.605,5549.5,11.008935,76.95954,169.39371551724142,Low
Chakan,Maharashtra,6,2.0,211.0,0.66,21.68,9480.0,18.77893,73.87099,350.79,High
Chandigarh,Punjab,105,0.614524552024552,175.75,0.61,14.2225,3758.5,30.70579365,76.80386332500001,221.72748656073657,Medium
Changanassery,Kerala,36,1.6935483870967742,180.0,0.8500000000000001,14.185,2729.5,9.4551752,76.5425594,260.2712016129032,High
Changodar,Gujarat,74,0.21783625730994152,188.0,0.615,16.3,3671.5,22.9378139,72.455668,233.74583771929824,Medium
Chengampalli,Tamil Nadu,40,0.8924731182795699,188.0,0.8049999999999999,9.115,4114.5,11.213022,77.441968,187.10644354838712,Low
Chennai,Tamil Nadu,1041,0.8247048280754633,149.5625,0.6054166666666666,14.29875,5674.375,13.02692058625,80.21261077895834,223.09187400893057,Medium
Chidambaram,Tamil Nadu,23,0.391304347826087,142.0,0.83,19.08,10419.0,11.40802995,79.67390344,263.99863043478257,High
Chikkamagaluru,Karnataka,19,0.42105263157894735,80.0,0.66,24.8,8590.0,13.3319,75.7731,301.42657894736845,High
Chikmagalur,Karnataka,65,0.4,116.0,0.635,16.005000000000003,8283.0,13.3366283,75.8178783,221.06650000000002,Medium
Chittoor,Andhra pradesh,89,0.5200510855683269,93.0,0.785,15.63,6243.75,13.288856204999998,79.016834365,217.89840756704982,Medium
Chittorgarh,Rajasthan,69,0.28836206896551725,170.5,0.68,11.07,8136.5,24.8276645,74.6272935,183.04411206896552,Low
Chouk,Maharashtra,36,0.1388888888888889,82.0,0.6,21.09,3271.0,18.90173,73.23436,252.20216666666667,High
Coimbatore,Tamil Nadu,134,0.7654684588895115,121.5,0.64,16.755,8206.5,11.018432053333335,76.9995393,240.99230376668532,Medium
Coochbehar,West Bengal,19,1.0416666666666667,133.5,0.44,13.825000000000001,9177.5,26.323416,89.484913,218.46375,Medium
Cuttack,Odisha,71,0.623882503192848,140.0,0.46666666666666673,7.6066666666666665,3774.6666666666665,20.446552,85.90293366666667,143.33714176245212,Low
Dahanu,Maharashtra,11,1.1818181818181819,63.0,0.73,20.71,11756.0,19.9883,72.7488,282.43254545454545,High
Darbaripur,Haryana,11,0.7272727272727273,158.0,0.32,17.55,654.0,28.3861,77.0063,245.1451818181818,Medium
Darjeeling,West Bengal,27,0.8954545454545455,102.5,0.8049999999999999,20.119999999999997,6882.0,26.7006026,88.3293524,277.25463636363634,High
Dausa,Rajasthan,49,0.15948275862068967,97.5,0.465,13.540000000000001,7622.0,26.912864,76.466964,179.9954827586207,Low
Davangere,Karnataka,49,0.21691176470588236,86.0,0.73,11.46,9402.5,14.441957,75.95206,165.55860294117647,Low
Dehradun,Uttarakhand,238,0.7402646988990298,164.55555555555554,0.6322222222222222,14.373333333333331,5755.888888888889,35.6224226,72.7386137111111,225.7636631891931,Medium
Delhi,Delhi,1571,0.6370620173457047,134.56944444444446,0.5972222222222222,15.124722222222223,6478.569444444444,28.62589771013889,77.17751368263889,222.17128413148225,Medium
Dhanbad,Jharkhand,10,1.0416666666666665,100.5,0.705,14.45,5959.5,23.848551,86.441642,221.47975,Medium
Dhule,Maharashtra,9,2.0,218.0,0.6,15.42,10268.0,20.8292,74.7485,288.834,High
Digha,West Bengal,67,0.6623015873015873,111.33333333333333,0.7200000000000001,12.666666666666666,9147.333333333334,21.624052666666667,87.52204566666667,196.94271428571426,Low
Dindigul,Tamil Nadu,32,0.20980392156862746,97.5,0.605,21.785,5908.5,10.3811273,77.99681425,266.5983676470588,High
Dindori,Maharashtra,23,0.782608695652174,183.0,0.35,17.25,6060.0,20.1704,73.8273,253.50826086956522,High
Durgapur,West Bengal,23,0.8260869565217391,57.0,0.32,23.06,4765.0,23.498815,87.377675,280.01510869565215,High
ELECTRONIC CITY,Karnataka,14,1.0,166.0,0.94,13.52,7794.0,12.865032,77.657853,234.09699999999998,Medium
Ernakulam,Kerala,17,0.7647058823529411,16.0,0.48,9.04,6241.0,10.01921939,76.30459452,132.4616764705882,Low
Erode,Tamil Nadu,45,0.27941176470588236,120.0,0.49,19.63,6448.5,11.30199446,77.60004376,250.15660294117646,High
FARIDABAD,Haryana,45,0.2638339920948617,230.0,0.6599999999999999,21.98,9517.5,28.288075,77.295116,306.47376976284585,High
Faridabad,Uttar Pradesh,34,0.6742424242424243,63.5,0.63,15.99,5022.0,28.390765000000002,77.3129955,214.26327272727272,Low
GURUGRAM,Haryana,95,0.5835813492063492,187.75,0.595,9.9075,5256.0,28.480649,77.066016,181.02294047619046,Low
Gadanki,Andhra pradesh,37,1.4023809523809525,80.0,0.405,16.035,5088.5,13.4799438,79.1897903,235.09067857142858,Medium
Gajraula,Rajasthan,66,0.42895545314900146,134.0,0.7866666666666666,13.993333333333334,7526.0,29.422666666666668,77.15583333333332,209.73166359447006,Low
Ganaur,Haryana,45,0.8918067226890756,89.0,0.62,8.085,7588.0,29.157569,77.035833,149.1482016806723,Low
Gangtok,Sikkim,51,0.1426332288401254,139.5,0.695,13.55,9600.0,27.305524,88.585965,196.82899686520378,Low
Gaya,Bihar,69,0.16131756756756757,139.0,0.775,12.595,6272.5,24.525355,84.932182,188.050777027027,Low
Ghaziabad,Uttar Pradesh,221,0.5630765068265068,145.27272727272728,0.5954545454545455,16.317272727272726,6089.818181818182,28.67558522727273,77.51623314545454,234.314477022977,Medium
Goa,Goa,69,0.699673202614379,173.25,0.865,13.815,5794.0,15.49916011,73.82994686,226.97469607843135,Medium
Gorakhpur,Uttar Pradesh,28,1.4772727272727273,93.5,0.59,19.445,3181.5,26.743642,84.263369,278.4839318181818,High
Greater Noida,Maharashtra,31,0.38095238095238093,102.0,0.435,17.795,2593.5,28.48275,77.4593,227.05032142857144,Medium
Gujarat,Chikhali,38,0.34375,53.5,0.65,12.045,2551.5,21.62925,72.36185,161.66324999999998,Low
Gurgaon,Haryana,503,0.9018103402078753,129.6153846153846,0.6334615384615384,13.132692307692308,5772.692307692308,28.43194795076923,77.05690425961538,209.5079640523901,Low
Gurugram,Haryana,203,1.1039246156893217,118.0,0.7363636363636363,13.57181818181818,5010.818181818182,28.53548181818182,77.01896363636364,219.25042028886145,Medium
Guruvayur,Kerala,18,1.4166666666666665,123.0,0.715,15.09,3243.0,10.5955128,76.0443322,243.6465,Medium
Guwahati,Assam,88,1.0427795584045585,115.5,0.6366666666666667,16.275000000000002,7987.166666666667,26.135234916666665,91.75188468333333,242.8186367521368,Medium
HYDERABAD,Telangana,167,0.8454061880148837,132.5,0.678,14.655000000000001,6224.9,17.4675618,78.4182074,225.0996356404465,Medium
HYDERBAD,Telangana,22,1.6944444444444444,105.5,0.44499999999999995,17.35,2008.0,17.412399999999998,78.46005,262.8373333333334,High
Haridwar,Uttarakhand,231,0.823673833906032,116.6,0.563,11.767,4427.8,29.944930890000002,78.11250206999999,187.81911501718096,Low
Hassan,Karnataka,32,1.5,130.5,0.44,15.565,9805.5,12.99125845,76.14278703,249.17775,High
Hatna,Karnataka,11,1.5454545454545454,111.0,0.86,12.78,6942.0,12.9770904,76.8311918,226.88463636363636,Medium
Hiriyur,Karnataka,53,0.7571428571428571,177.5,0.61,13.705,4177.5,13.9241147,76.6400077,221.47803571428574,Medium
Hisar,Haryana,25,1.3333333333333333,167.5,0.5800000000000001,16.2,4940.0,29.1259617,75.8027817,260.845,High
Hosur,Tamil Nadu,6,2.3333333333333335,41.0,0.83,7.43,3818.0,12.7170751,77.876026,177.209,Low
Howrah,West Bengal,51,0.20833333333333331,132.5,0.515,11.285,8933.0,22.614383,88.273187,169.5665,Low
Hubli,Karnataka,53,0.23202614379084968,151.0,0.785,19.045,7103.5,15.369541,75.119095,258.33753431372554,High
Hyderabad,Telangana,750,0.6551939217638347,132.73529411764707,0.6332352941176471,15.328529411764706,6325.205882352941,17.445705570882353,78.43611001176471,225.1184205940915,Medium
Indore,Madhya Pradesh,236,0.3469707993145493,179.0,0.64375,11.98375,7401.0,22.6017266975,75.18156705,194.7908739794365,Low
Jagdalpur,Chhattisgarh,44,0.3052109181141439,200.0,0.8049999999999999,15.5,7746.0,19.0657802,81.9635956,238.1543275434243,Medium
Jaipur,Rajasthan,536,0.5056840723414695,119.8,0.5945,14.769,7623.6,26.916873175,75.803191105,211.4848221702441,Low
Jajpur,Rajasthan,34,0.28214285714285714,132.0,0.585,15.985,6097.0,20.9238315,86.2494284,218.9877857142857,Medium
Jammu,Jammu & Kashmir,63,1.0156695156695157,73.33333333333333,0.5533333333333333,7.406666666666666,8505.333333333334,32.70868823333333,74.8782413,140.95608547008547,Low
Jamshedpur,Jharkhand,168,1.059767316017316,135.0,0.615,15.225999999999999,4099.0,22.801796709999998,86.187774012,235.22751948051948,Medium
Jeypore,Odisha,40,0.5658307210031348,77.5,0.46499999999999997,10.129999999999999,2447.0,18.8580983,82.5899867,150.49842163009401,Low
Jodhpur,Rajasthan,22,0.22727272727272727,186.0,0.63,18.39,2188.0,26.20977,73.0650083,254.0621818181818,High
Jorhat,Assam,37,1.0483870967741935,170.5,0.655,18.86,3102.0,26.7470487,94.1680718,280.6026129032258,High
Junagadh,Gujarat,71,0.3962639109697933,134.0,0.625,11.195,7028.0,21.52840996,70.45845795,176.4769173290938,Low
KALLAKURICHI,TAMIL NADU,48,0.6912087912087912,149.5,0.6950000000000001,20.65,7202.0,11.71881,79.33575,285.5872637362637,High
KARJAN,Gujarat,50,0.25120772946859904,105.0,0.845,11.905000000000001,2855.5,22.024178835,73.117516385,175.38898188405798,Low
KOSI KALAN,Uttar Pradesh,70,0.1803143093465674,215.5,0.5549999999999999,18.73,6822.0,27.832687,77.418785,263.87042928039705,High
KRISHNAGIRI,Tamil Nadu,61,0.3618279569892473,119.0,0.38,10.985,9471.5,12.582141,78.157101,164.6905887096774,Low
Kalinganagar,Odisha,36,2.1225806451612903,192.5,0.48,13.649999999999999,6681.0,20.964722265,86.00852649999999,263.64291935483874,High
Kamod,Gujarat,32,0.3764705882352941,185.0,0.815,21.020000000000003,5616.0,22.9247437,72.5434955,290.9271176470589,High
Kannur,Kerala,24,0.7083333333333334,206.0,0.93,6.41,10443.0,11.83301,75.42643,165.3215,Low
Kanpur,Uttar Pradesh,33,0.3333333333333333,199.0,0.42,11.86,8603.0,26.482346,80.329394,193.1515,Low
Karad,Maharashtra,56,0.19791666666666666,199.5,0.69,17.93,5010.0,17.28566685,74.17330430999999,254.8675,High
Karadagodu,Karnataka,13,0.46153846153846156,84.0,0.43,18.08,10689.0,13.1459,75.6419,231.74065384615383,Medium
Karimnagar,Telangana,28,1.7878787878787878,202.0,0.6299999999999999,9.940000000000001,8268.0,18.417928,79.13639,223.42036363636362,Medium
Karkala,Karnataka,40,0.2,145.0,0.77,6.89,3955.0,13.2244,74.9802,132.37749999999997,Low
Karnal,Haryana,82,1.3857723159193747,157.25,0.425,14.584999999999999,7237.0,29.7347405,76.9760555,240.97916947758125,Medium
Karur,Tamil Nadu,40,0.025,169.0,0.38,21.53,1361.0,10.9577783,78.0605855,268.4805,High
Kasara,Maharashtra,21,0.6190476190476191,202.0,0.43,5.24,4339.0,19.62751783,73.44803503,134.3909285714286,Low
Kasargod,Kerala,31,0.6513157894736842,74.0,0.87,16.24,4949.5,12.51382323,75.02713173,224.6642236842105,Medium
Kasauli,Himachal Pradesh,54,0.2032967032967033,87.0,0.6799999999999999,16.615000000000002,4331.0,30.879,76.9948,213.16440109890112,Low
Katra,Jammu and Kashmir,34,0.17647058823529413,197.0,0.9,23.32,10868.0,32.9899,74.9255,315.67811764705885,High
Kaup,Karnataka,5,2.0,241.0,0.85,11.28,8987.0,13.2338,74.7471,258.7935,High
Keonjhar,Odisha,32,1.0,175.5,0.7150000000000001,15.955000000000002,4552.5,20.9187324,86.2169827,253.57625000000002,High
Kevadia,Gujarat,64,0.2875,144.0,0.71,15.57,6927.0,21.885704,73.688136,221.5385,Medium
Khatauli,Uttar Pradesh,36,0.7012987012987013,69.0,0.585,10.684999999999999,3104.5,29.3105,77.7218,161.31621103896103,Low
Khopoli,Maharashtra,26,0.38461538461538464,165.0,0.45,12.03,11316.0,18.7876,73.3475,189.99646153846155,Low
Khursipar,Chhattisgarh,27,0.489010989010989,198.5,0.66,17.255000000000003,4745.5,21.206036,81.3418606,255.71807967032967,High
Kisangarh,Punjab,21,0.4903846153846154,76.0,0.8049999999999999,16.47,7115.0,31.431348,75.620357,222.09403846153845,Medium
Kizhakkummuri,Kerala,4,3.0,126.0,0.45,13.83,1900.0,10.245487,76.369589,272.0,High
Kochi,Kerala,249,0.8207771008661101,157.4,0.696,16.653,6117.3,9.9848091034,76.321201039,250.96196302598327,High
Kochi ,Kerala,78,0.3174894957983193,184.0,0.48,12.1875,7429.0,10.01775335,76.31061965,193.11418487394957,Low
Kodaikanal,Tamil Nadu,33,2.3879310344827585,108.5,0.8600000000000001,21.35,9907.5,10.2428087,77.4983634,338.71668103448275,High
Kodikonda,Andra Pradesh,30,0.26666666666666666,146.0,0.64,15.17,9410.0,13.83,77.74,216.905,Medium
Kolhapur,Maharashtra,86,0.6257575757575758,185.33333333333334,0.6866666666666666,17.73,4423.0,16.708952800000002,74.27328533333333,261.7842272727273,High
Kolkata,West Bengal,383,0.9935822322180057,146.21052631578948,0.6042105263157895,15.38421052631579,7091.526315789473,22.579297004736844,88.43014528631579,238.85323012443493,Medium
Kollam,Kerala,34,1.8275862068965516,141.5,0.81,13.63,5504.0,8.8834295715,76.61025609000001,249.50458620689656,High
Komirepalle,Andhra Pradesh,7,1.4285714285714286,175.0,0.32,21.18,3568.0,16.778579,81.221054,308.19114285714284,High
Kosi Kalan,Uttar Pradesh,26,0.038461538461538464,100.0,0.93,24.01,2582.0,27.8327,77.4194,290.79484615384615,High
Kottayam,Kerala,16,1.0,100.0,0.34,21.32,2041.0,9.5447482,76.877561,277.7205,High
Kotwan,Uttar Pradesh,21,0.6190476190476191,231.0,0.61,17.2,7241.0,27.8468,77.4082,267.19192857142855,High
Kozhikode,Kerala,82,0.38429972804972806,143.75,0.585,15.1625,5330.25,11.2490586,75.8237721,216.38161684149185,Medium
Krishnagiri,Tamil Nadu,67,1.3787578162578162,127.5,0.5775,16.065,4898.25,12.53655472,78.21952462,250.7743594877345,High
Kukas,Rajasthan,7,1.7142857142857142,180.0,0.31,24.24,10736.0,27.0307,75.8899,351.9465714285714,High
Kundapura,Karnataka,29,0.2413793103448276,28.0,0.86,8.55,7520.0,13.6186,74.6919,125.00137931034483,Low
Kurnool,Andhra pradesh,108,0.6506066397370746,173.66666666666666,0.505,14.325000000000001,6605.833333333333,15.7524485,77.98650983333333,222.11278252544557,Medium
Kuttikkanam,Kerala,60,0.63003663003663,197.5,0.715,11.16,11604.5,9.5802797,76.9701859,203.55334890109887,Low
Latur,Maharashtra,49,0.1267241379310345,187.5,0.805,8.805,7964.5,18.4159831,76.5356299,162.83397413793102,Low
Lonavala,Maharashtra,30,0.1,202.0,0.35,7.2,8453.0,18.76284112,73.4267514,138.4765,Low
Lonavla,Maharashtra,35,0.14285714285714285,234.0,0.83,23.81,6590.0,18.763,73.4252,324.93071428571426,High
Lucknow,Uttar Pradesh,150,0.5250085300577911,141.85714285714286,0.6971428571428572,13.132857142857144,6502.714285714285,26.866837979999996,80.99411228857143,203.22304161601946,Low
Ludhiana,PUNJAB,59,0.47916666666666663,171.0,0.76,13.71,11617.5,30.90350515,75.88163750000001,219.03375000000003,Medium
MADURAI,TAMIL NADU,73,1.1339285714285714,168.0,0.72,11.9,5540.5,9.98317,78.23384999999999,215.78810714285714,Medium
MOHALI ,Punjab,53,0.6728070175438596,67.5,0.7,9.735,4568.5,30.661356,76.731482,154.1934605263158,Low
MUMBAI,Maharashtra,79,0.4716911764705882,125.0,0.59,17.2975,7474.5,19.670592925,72.89765832750001,236.86298529411764,Medium
MYSURU,Karnataka,34,0.38421052631578945,141.5,0.665,22.185000000000002,5091.5,12.298073,76.664021,287.9220657894737,High
Madgulapally,Telangana,43,0.4445701357466063,84.5,0.35,16.674999999999997,5864.5,16.991031,79.44047,212.8943540723982,Low
Madurai,Tamil Nadu,65,1.2667751108540581,155.0,0.6383333333333333,13.883333333333333,7021.5,9.950569884333333,78.13079204666667,235.0556699922884,Medium
Mahabaleshwar,Maharashtra,113,0.7726376951014632,136.5,0.6483333333333333,17.316666666666666,5951.0,17.926253153333334,73.68241714666667,249.6546308530439,High
Mahabalipuram,Tamil Nadu,117,0.5467357397504455,55.2,0.732,16.63,7917.6,12.625215292,80.19485664800001,218.76087219251335,Medium
Mahad,Maharashtra,38,0.18421052631578946,43.0,0.39,12.61,5654.0,18.0855,73.4309,154.95331578947366,Low
Maharashtra,Maharashtra,70,0.42565359477124187,113.5,0.525,8.01,4061.0,19.9519,73.7541,136.40010784313725,Low
Mainpuri,Uttar Pradesh,25,0.2,177.0,0.36,19.89,11828.0,26.968708,79.019513,264.06399999999996,High
Malappuram,Kerala,86,0.2838709677419355,110.66666666666667,0.5366666666666666,14.143333333333333,6532.666666666667,10.73477485,76.04854399,194.29912903225807,Low
Mangalore,Karnataka,17,2.8222222222222224,135.33333333333334,0.68,15.32,5242.666666666667,12.906156860000001,74.83683724000001,291.3213333333333,High
Manipal,Karnataka,37,0.40540540540540543,111.0,0.74,21.29,5493.0,13.3334,74.7884,274.0586621621622,High
Marunji,Maharashtra,4,0.25,225.0,0.55,23.58,3677.0,18.5808,73.7399,315.13849999999996,High
Meerut,Uttar Pradesh,21,2.286764705882353,161.0,0.51,12.530000000000001,2411.5,28.97189015,77.69059275,248.1086911764706,High
Metikuppe,Karnataka,33,0.5757575757575758,20.0,0.39,7.14,5781.0,11.9377,76.2655,106.31322727272726,Low
Mettupalayam,Tamil Nadu,52,0.9083333333333334,206.0,0.485,22.215,2400.0,11.325849999999999,76.90950000000001,314.22499999999997,High
Mira Bhayandar,Maharashtra,33,0.5151515151515151,32.0,0.42,17.77,5322.0,19.2747,72.8856,214.31554545454543,Low
Mohali,PUNJAB,53,0.3433048433048433,85.0,0.645,13.085,9299.5,30.70826385,76.7135041,183.17389529914533,Low
Moradabad,Uttar Pradesh,62,0.3150470219435737,166.5,0.565,18.56,5125.0,28.828917,78.7328429,253.3639106583072,High
Mudagere,Karnataka,27,0.7037037037037037,158.0,0.62,19.8,10143.0,12.6395692,77.1413769,279.1826111111111,High
Mudbidri,Karnataka,32,0.0625,155.0,0.81,24.29,7990.0,13.074,75.0025,307.77,High
Mumbai,Maharashtra,931,0.7309224004808607,132.04545454545453,0.6288636363636363,15.618863636363637,5388.0,19.07572566159091,72.86268419295455,229.54326292351672,Medium
Mumbai ,Maharashtra,27,0.6666666666666666,49.0,0.85,17.93,3116.0,19.17674569,72.94574801,234.358,Medium
Munnar,Kerala,15,0.8,43.0,0.78,15.43,9923.0,10.0297934,77.0458592,213.5115,Low
Muzaffarnagar,Uttar Pradesh,207,0.49372632575757575,132.25,0.6225,11.25375,5948.625,29.4047396375,77.7206374625,178.94860227272727,Low
Mysuru,Karnataka,47,0.49707602339181284,175.5,0.575,16.825,9163.0,12.3103577,76.62588595,245.9937807017544,High
NAVSARI,Gujarat,47,0.23392857142857143,31.0,0.615,22.29,2588.5,20.944586795,72.962822,254.33710714285712,High
NEW DELHI,Delhi,178,0.5587606359158083,167.83333333333334,0.6333333333333333,11.886666666666665,5710.833333333333,28.62076433333333,77.20342833333333,196.27656907747422,Low
Naamavaram,Andhra pradesh,69,0.32215619694397285,160.5,0.655,12.445,7110.0,17.3736805,82.5862594,194.1696859083192,Low
Nagaon,Maharashtra,39,0.3814616755793226,55.0,0.61,14.82,3354.3333333333335,23.747687666666668,86.0602576,190.32101693404633,Low
Nagpur,Maharashtra,108,0.914546783625731,152.0,0.6016666666666667,14.063333333333333,4592.5,21.1026032,79.04007211666668,223.40765350877192,Medium
Nainital,Uttarakhand,7,1.8571428571428572,101.0,0.35,24.3,5929.0,29.458587,79.145012,335.6787857142857,High
Namakkal,Tamil Nadu,65,0.5779727095516569,136.0,0.58,20.805,3390.5,11.19362344,78.10483415,275.5844312865497,High
Nashik,Maharashtra,343,0.7804850453287919,113.47058823529412,0.621764705882353,14.804705882352941,7746.235294117647,19.91447817647059,74.08628535294118,219.24649253633436,Medium
Natt,Punjab,24,0.8333333333333334,23.0,0.63,24.81,10064.0,30.8219,75.8668,299.632,High
Navi Mumbai,Maharashtra,124,0.9948520923520924,164.0,0.6933333333333334,12.876666666666665,5630.0,19.025794,73.07057336666666,219.76056277056276,Medium
Nemom,Kerala,6,2.1666666666666665,135.0,0.45,10.3,3705.0,8.453971667,77.00415034,214.8525,Medium
New Delhi,Delhi,1487,0.6330194481723155,135.16417910447763,0.6629850746268657,14.466865671641791,5775.492537313433,28.80147681552239,77.10453822671643,216.91265807203513,Medium
Noida,Uttar Pradesh,608,0.48703320812756806,145.47826086956522,0.6313043478260869,14.622608695652174,6710.695652173913,28.568041453478262,77.36236077391304,216.34460493947918,Medium
Omalur,Tamil Nadu,29,1.0746753246753247,44.5,0.44999999999999996,11.12,6084.5,11.7592238,78.4273441,168.85750974025973,Low
Ongole,Andhra pradesh,42,0.8777777777777778,179.0,0.615,16.93,4036.0,15.6382976,80.0167529,257.7763333333333,High
Ooty,Tamil Nadu,44,1.5538461538461537,191.0,0.52,20.43,10090.0,11.3829987,76.7507875,316.7103846153846,High
Palakkad,Kerala,51,0.47127329192546585,169.5,0.63,19.145,4866.0,10.887677,76.189595,266.14619875776395,High
Palani,Tamil Nadu,40,0.6521739130434783,166.5,0.55,16.665,5582.5,10.4425816,77.5203903,244.3814673913043,Medium
Palem,Telangana,4,3.0,67.0,0.67,9.51,10941.0,16.42,77.94,224.07049999999998,Medium
Pallikonda,Tamil Nadu,38,0.3157894736842105,128.0,0.83,22.8,6436.0,12.9071309,78.9620183,293.4416842105263,High
Palyampudur,Tamil Nadu,39,0.38461538461538464,139.0,0.37,17.31,9253.0,12.0243727,78.0979115,233.26496153846153,Medium
Panchgani,Maharashtra,20,1.380952380952381,119.0,0.78,14.46,3677.0,17.9335258,73.8158574,237.11707142857148,Medium
Panchgaon,Maharashtra,29,0.5172413793103449,235.0,0.94,22.81,2248.0,28.323394,76.901196,326.9912413793104,High
Panchkula,Haryana,38,1.0373737373737375,120.0,0.71,19.776666666666667,2385.3333333333335,30.720162243333334,76.84118783999999,277.8305454545454,High
Panvel,Maharashtra,32,0.34375,208.0,0.36,11.61,6160.0,18.98164,73.11555,190.4925,Low
Pathanamthitta,Kerala,4,3.0,33.0,0.37,13.44,10603.0,9.2744022,76.7637408,247.2015,High
Patna,Bihar,64,0.5523076923076923,73.0,0.695,13.025,7619.5,25.634199,85105514.0,186.2539807692308,Low
Patparkang,Delhi,67,0.5337962962962963,145.0,0.895,8.325,7089.0,28.62145,77.293556,161.43338888888889,Low
Peddapuram,Andhra Pradesh,18,0.5,250.0,0.9,18.46,6706.0,17.0758862,82.1217314,287.95300000000003,High
Perambalur,Tamil Nadu,37,0.6757575757575758,120.0,0.585,8.365,7492.0,11.2064644,78.8812406,152.2937272727273,Low
Perunnermangalam,Kerala,32,1.2173913043478262,78.5,0.775,8.235,8761.5,9.63628,76.3352,162.25248913043478,Low
Pimpri-Chinchwad,Maharashtra,5,0.4,66.0,0.93,12.42,2454.0,18.5948,73.7975,177.177,Low
Pondicherry,Tamil Nadu,16,0.625,151.0,0.8,11.25,10722.0,12.06587465,79.88027083,194.361,Low
Port Blair,Andaman,10,1.1,30.0,0.63,23.51,11301.0,11.630305,92.724835,297.00050000000005,High
Proddatur,Andhra pradesh,53,0.7152014652014652,195.0,0.555,16.11,7285.0,14.7529922,78.5550768,248.82354395604395,High
Puducherry,Puducherry,37,0.24324324324324326,205.0,0.36,23.91,7114.0,11.8945141,79.8026819,310.20429729729733,High
Pune,Maharashtra,682,0.6703980894434005,128.5,0.6086111111111111,16.11777777777778,5757.861111111111,18.549230022499998,73.82241732722223,231.50892879441312,Medium
Purnea,Bihar,10,1.9,78.0,0.4,18.9,9832.0,25.7952561,87.5593019,280.416,High
Pushkar,Rajasthan,15,0.7333333333333333,19.0,0.85,17.7,3186.0,26.4547,74.5046,226.593,Medium
Raipur,Chhattisgarh,155,0.6493007629043283,147.125,0.6575,18.1025,7224.375,21.246214915,81.66202840125,257.3349603871298,High
Rajahmundry,Andhra pradesh,76,0.5507316678793758,150.0,0.71,10.216666666666667,6051.666666666667,16.9891896,81.78173249999999,176.9644500363813,Low
Rajkot,Gujarat,96,0.7564485705865016,164.2,0.658,12.309999999999999,7322.4,22.24893216,70.78883704,206.95465711759505,Low
Ramnagar,Uttarkhand,28,0.4642857142857143,179.0,0.87,24.16,4205.0,29.313755,79.1950917,324.13107142857143,High
Ranchi,Jharkhand,91,0.6006629066973894,138.0,0.5275000000000001,18.86,8029.75,23.371523500000002,85.338425,258.32226220092167,High
Rasipuram,Tamil Nadu,20,0.5333333333333333,134.5,0.6,12.850000000000001,6157.5,11.4922712,78.1535774,196.20375,Low
Rudrapur,Uttarakhand,40,0.325,196.0,0.89,15.14,607.0,29.006961,79.401351,232.70350000000002,Medium
Rupnarayanpur,West Bengal,52,0.05654761904761904,151.0,0.645,15.16,7202.5,22.380721,87.365968,210.77267857142857,Low
SANKAGIRI,Tamil Nadu,61,0.4301075268817204,93.5,0.64,16.85,1493.5,11.519342,77.935042,221.5249758064516,Medium
Saharanpur,Uttar Pradesh,24,0.7916666666666666,158.0,0.84,8.05,8048.0,29.977,77.5753,168.774,Low
Sajgaon,Maharashtra,48,1.083076923076923,120.0,0.63,15.633333333333333,4917.333333333333,18.793448666666666,73.29722566666668,237.03430769230766,Medium
Salasar,Rajasthan,24,0.4583333333333333,146.0,0.87,21.3,4259.0,27.7363007,74.7426386,287.1295,High
Salem,Tamil Nadu,39,0.673076923076923,58.5,0.42,19.045,7397.0,11.682985,78.1260402,239.46580769230772,Medium
Sambalpur,Odisha,8,0.875,125.0,0.53,19.8,6738.0,21.498344,83.956558,272.119,High
Sangli,Haryana,111,0.4616330227743271,84.75,0.55,11.605,7402.5,23.475187147499998,74.8478388525,168.53774068322983,Low
Satara,Maharashtra,79,0.5356060606060606,108.0,0.49333333333333335,16.02333333333333,5321.666666666667,17.95466254333333,73.99726391333333,218.29568181818178,Medium
Sayri,Rajasthan,53,0.5771929824561404,214.0,0.62,22.189999999999998,8321.5,27.1590851,75.9603844,312.3765394736842,High
Secunderabad,Telangana,96,0.5496031746031746,82.75,0.6125,14.0675,7269.5,17.481606,78.51266115,196.79784523809525,Low
Shabhad,Haryana,31,0.6129032258064516,170.0,0.45,20.47,1942.0,30.2059,76.8575,277.80809677419353,High
Shahjahanpur,Rajasthan,79,0.2685897435897436,197.0,0.72,18.84,5106.0,28.0088483,76.4639783,266.2606923076923,High
Shahpura,Rajasthan,84,0.47936897936897943,162.66666666666666,0.61,19.27,5967.0,27.489974933333333,76.0527718,265.981236047736,High
Shela,Gujarat,13,1.0769230769230769,26.0,0.46,24.11,3787.0,23.0436,72.4825,293.3011923076923,High
Shirdi,Maharashtra,56,0.9180756843800322,173.0,0.5733333333333334,17.55333333333333,9132.666666666666,19.763090133333332,74.47573946666667,265.2252705314009,High
Shivamogga,Karnataka,39,0.05128205128205128,201.0,0.78,22.89,334.0,13.9419,75.5816,300.3554615384615,High
Shoolagiri,Tamil Nadu,29,1.0666666666666667,175.5,0.495,12.719999999999999,11157.5,12.6462747,78.0470111,221.02875,Medium
Sikar,Rajasthan,8,0.875,199.0,0.78,17.36,11179.0,27.3449069,75.6020031,274.6895,High
Siliguri,West Bengal,125,0.28660136511180156,129.25,0.8,17.375,3700.0,26.74028,88.406949,236.51054095335402,Medium
Sirohi,Rajasthan,16,1.5,102.0,0.8400000000000001,9.850000000000001,7440.5,24.973775,72.895964,193.72025,Low
Sirsa,Haryana,18,1.0,110.0,0.44,6.0,11622.0,29.528,75.1325,134.311,Low
Surat,Gujarat,38,1.2249999999999999,225.0,0.7066666666666667,19.773333333333333,7252.0,21.181925666666668,72.826594,312.026,High
Surathkal,Karnataka,30,0.36666666666666664,215.0,0.88,13.37,5031.0,12.9875,74.8048,222.9655,Medium
Suryapet,Telangana,87,0.29905202821869487,112.0,0.46666666666666673,16.493333333333332,4217.333333333333,17.171986266666668,79.4380466,215.68022751322752,Medium
THINDIVANAM,Tamil Nadu,41,0.6833333333333333,163.0,0.635,12.254999999999999,5036.5,12.297694,79.73365,202.19324999999998,Low
THIRUVANANTHAPURAM,Kerala,129,0.5402612433862434,114.0,0.5566666666666666,17.075,6010.166666666667,10.166056236333334,76.21945820833334,232.37958730158732,Medium
TRICHY,TAMIL NADU,86,0.2648809523809524,138.5,0.71,15.745000000000001,6676.75,11.01855,78.798385,221.1098035714286,Medium
Talegaon Dabhade,Maharashtra,10,0.4,163.0,0.39,20.17,7258.0,18.7005,73.6933,267.82900000000006,High
Thane,Karnataka,77,0.9785867895545316,132.4,0.644,12.636,6752.6,17.968992399999998,73.3249332,208.29390368663593,Low
Thirumangalam,Tamil Nadu,41,1.6714285714285715,59.5,0.69,21.015,3633.5,9.7590386,77.9791582,294.23460714285716,High
Thiruvananthapuram,Kerala,112,0.3346233230134159,132.33333333333334,0.63,16.573333333333334,3743.0,8.494353762666668,76.93890617666666,226.47686635706916,Medium
Thiruvanthapuram,Kerala,218,0.9635906199064094,145.9,0.717,15.788999999999998,6670.4,9.4944205818,76.505625245,244.53291859719224,Medium
Thrissur,Kerala,95,0.5774469258340226,118.33333333333333,0.7599999999999999,15.87,5174.333333333333,10.565927413333334,76.14966574666666,227.19390777502068,Medium
Tirupathi,Andhra Pradesh,9,2.0,21.0,0.88,23.71,8354.0,13.6253731,79.4322333,328.52700000000004,High
Tirupati,Andhra pradesh,149,0.571981735740317,171.16666666666666,0.6933333333333334,16.27,5112.666666666667,13.513955143333334,79.46502930000001,242.54078540554283,Medium
Tiruvannamalai,Tamil Nadu,8,1.375,159.0,0.53,14.89,4704.0,12.23639376,79.08960088,245.502,Medium
Trivandrum,Kerala,50,0.6421911421911423,128.0,0.735,14.405,10263.5,8.47589495,76.92637465,218.82248426573426,Medium
Tumakuru,Karnataka,50,0.7256493506493507,209.0,0.515,17.07,7289.0,13.344796,77.080192,261.2389805194805,High
Tumkur,Karnataka,22,0.36363636363636365,183.0,0.85,13.97,11227.0,13.2852419,77.1829955,223.2225909090909,Medium
UJJAIN,Madhya Pradesh,34,0.16785714285714284,112.5,0.585,7.05,7310.5,23.24006,75.78122,121.94096428571427,Low
Udaipur,Rajasthan,63,1.7430875576036866,101.33333333333333,0.6566666666666666,10.709999999999999,8578.333333333334,24.57681033333333,73.72216066666667,205.43179339477726,Low
Ujjain,Madhya Pradesh,33,0.36363636363636365,45.0,0.73,22.08,7085.0,23.179326,75.78437678,264.7515909090909,High
Ulundurpet,Tamil Nadu,60,0.42942583732057416,158.0,0.51,14.739999999999998,5683.5,11.7194357,79.3364597,215.3745251196172,Medium
Una,Himachal Pradesh,12,0.75,42.0,0.65,24.52,10610.0,31.4668,76.2568,299.755,High
Uruli Kanchan,Maharashtra,34,0.5157894736842106,103.0,0.41500000000000004,12.175,5045.0,18.487405,74.146125,175.8711842105263,Low
VILLUPURAM,TAMIL NADU,96,0.6287001287001287,129.5,0.675,18.9625,5991.75,12.113814999999999,79.579505,260.73187886100385,High
Vadodara,Gujarat,207,0.783016123295446,149.66666666666666,0.6000000000000001,13.855555555555556,7154.555555555556,22.328567333333336,73.16950197777777,218.03998369886338,Medium
"Vandalur, Chennai",Tamil Nadu,25,0.72,221.0,0.79,6.46,11981.0,12.8735113,80.0785537,167.1905,Low
Vapi,Gujarat,66,0.3653308480894688,161.5,0.625,18.915,10604.0,20.39716311,72.9164715,261.41192544268404,High
Vasai-Virar,Maharashtra,20,0.6,87.0,0.48,18.18,704.0,19.3593,72.8123,233.90200000000002,Medium
Vellore,Tamil Nadu,40,0.8853615520282186,113.0,0.6433333333333334,11.51,4685.333333333333,12.9166984,79.02279896,188.33684656084657,Low
Vijayawada,Andhra pradesh,60,0.7815734989648032,70.0,0.68,10.213333333333333,3558.0,16.558483433333333,80.60081836666667,161.85953830227743,Low
Villupuram,Tamil Nadu,71,1.0724225173940545,129.33333333333334,0.5366666666666667,21.02,5276.333333333333,12.240344979999998,79.66228159,290.7608421884883,High
Visakhapatnam,Andhra pradesh,54,0.4357142857142857,108.0,0.54,9.045,5900.5,17.39957297,82.68113802,146.97167857142858,Low
Vizag,Andhra pradesh,119,0.6869497169497168,131.5,0.77,13.763333333333334,4279.5,17.713967663333335,83.28357795,212.50657484182483,Low
Walayar,Tamil Nadu,49,0.5571428571428572,104.0,0.625,11.56,6412.5,10.8559461,76.8625309,177.14553571428573,Low
Yediyur,Karnataka,64,1.8223809523809524,115.66666666666667,0.6966666666666667,16.57,7701.666666666667,12.9893833,76.87928006666668,270.55559523809524,High
Yelur,Maharashtra,27,0.2962962962962963,242.0,0.35,13.61,2378.0,16.956461,74.275721,215.42788888888887,Medium
ahmedabad,WestBengal,286,0.6363589728173061,118.66666666666667,0.6141666666666666,15.473333333333334,6095.75,23.094922091666664,72.5779174,221.89281085118589,Medium
aurangabad,Maharashtra,35,0.4857142857142857,39.0,0.63,8.56,1502.0,19.871912330989,75.3251880766865,126.42242857142858,Low
belgaum,Rajasthan,11,0.09090909090909091,215.0,0.39,13.46,5312.0,15.868772,74.487863,203.48327272727275,Low
bengaluru,Maharashtra,848,0.593132745871018,119.05263157894737,0.6884210526315789,14.928157894736842,5835.8421052631575,12.982652243277979,77.61080892960334,216.96716658665684,Medium
calicut,Karnataka,184,0.6652055115219366,145.0,0.6566666666666667,15.311111111111112,6120.111111111111,11.270371755555555,75.81247275555556,228.79399867899144,Medium
chennai,Pondicherry,596,0.6762233448305617,140.82142857142858,0.6257142857142857,15.614642857142858,5289.214285714285,12.994666067331039,80.19491542756336,229.92595034491686,Medium
coimbatore,Karnataka,164,1.2705524105524104,166.44444444444446,0.6277777777777778,16.283333333333335,6582.111111111111,11.03029131970211,77.00712508136488,261.54651676101673,High
dehradun,Delhi,32,0.09375,64.0,0.52,5.94,6864.0,30.3382561,8.0584541,94.64450000000001,Low
delhi,Haryana,293,0.5104502255142298,144.9,0.499,11.687999999999999,7130.7,28.66461989,77.19326101,184.45885676542687,Low
faridabad,Delhi,13,0.15384615384615385,80.0,0.79,5.53,7281.0,28.3520623,77.3007942,103.30588461538463,Low
ghaziabad,Tamil Nadu,64,0.9507142857142857,108.25,0.685,12.79,4688.25,28.6689681532884,77.4066172342135,202.95305357142857,Low
goa,Jammu,224,0.5988956975721681,115.7,0.702,12.672,7124.6,15.46389495244479,73.84182952548866,194.72417092716503,Low
gurugram,Rajasthan,165,0.5784808873044167,97.14285714285714,0.6042857142857143,16.585714285714285,5758.714285714285,28.446959114285715,77.07315437142857,225.48378376198966,Medium
guwahati,Madhya Pradesh,83,0.9549755799755799,193.0,0.56,14.0825,6348.75,26.1579778,91.73869755,234.89864239926737,Medium
hubli,Madhya Pradesh,69,1.5423809523809524,157.0,0.655,9.8925,5569.25,15.36275775,75.124058475,203.60605357142856,Low
hyderabad,Rajasthan,350,0.9809065143050041,153.05263157894737,0.5878947368421052,15.702105263157893,4754.1578947368425,17.43388003837377,78.44055007815584,241.78585332388695,Medium
indore,Jammu,95,0.9471649712516585,92.6,0.5660000000000001,16.932,4894.6,22.71425328,75.87135338,237.48224913754976,Medium
jaipur,Maharashtra,163,0.4484185340802988,133.75,0.6212500000000001,15.016250000000001,6193.125,26.887837268852223,75.77525039469212,215.680368522409,Medium
kannur,Telangana,88,1.1455357142857143,97.75,0.4575,10.8675,5800.75,11.878559396884974,75.40385479147216,181.81644642857142,Low
karnal,Haryana,39,0.48717948717948717,107.0,0.47,20.04,5754.0,29.6019,76.9803,256.3923846153846,High
kochi,WestBengal,282,0.541015536828934,138.8181818181818,0.58,13.943636363636363,5870.090909090909,9.980052726712621,76.30707924326857,207.80642065032254,Low
kolhapur,Kerala,82,0.7784602784602784,129.66666666666666,0.5966666666666667,16.016666666666666,2210.6666666666665,16.695648394703365,74.23350720354347,231.95914168714168,Medium
kolkata,Maharashtra,5,1.8,104.0,0.66,14.86,1683.0,22.4668437,88.3111551,245.9415,Medium
kollam,Tamil Nadu,28,0.10714285714285714,130.0,0.81,12.45,2990.0,8.89921411695274,76.6129967442303,181.95928571428573,Low
lonavala,Maharashtra,31,0.6129032258064516,229.0,0.93,15.37,9881.0,18.79320299,73.29699392,257.5275967741935,High
lucknow,Telangana,66,0.5405844155844156,182.75,0.5725,9.25,5747.0,26.853928075,80.935837025,171.59103246753247,Low
malappuram,Telangana,53,1.567099567099567,145.5,0.77,17.439999999999998,7955.0,10.978109976410774,76.1220033275385,281.015487012987,High
mangalore,Punjab,18,0.16666666666666666,32.0,0.52,7.51,2818.0,12.8785935,74.8513216,102.509,Low
mumbai,Tamil Nadu,478,0.5656345475751087,117.19047619047619,0.5623809523809524,14.696666666666667,7256.238095238095,19.055752729571566,72.919113133339,210.92096499868182,Low
mysore,Uttar Pradesh,66,0.8640584415584416,142.0,0.7424999999999999,14.8,6708.0,12.3165975,76.626346,231.33825324675325,Medium
nagpur,Tamil Nadu,68,0.19578134284016638,91.0,0.6133333333333334,14.62,7353.0,21.139168731472267,79.10125706696323,193.83327361853833,Low
nashik,Maharashtra,208,0.5558899954212454,131.75,0.615,16.82,6253.75,19.99169781279089,73.76670949265521,236.31607486263735,Medium
navi mumbai,Maharashtra,8,2.125,180.0,0.67,19.28,5585.0,19.06895357,73.02251015,321.09250000000003,High
noida,Maharashtra,66,1.0947162022703818,192.8,0.53,17.52,6612.2,28.549931120000004,77.39356116,272.79758606811146,High
palakkad,Jharkhand,49,0.6174242424242424,223.5,0.625,17.825,5954.5,10.76870927633635,76.64908665863955,271.2499772727273,High
pune,Maharashtra,479,0.5081171001813872,143.64705882352942,0.6470588235294118,18.500588235294117,6138.411764705882,18.546766953268783,73.83205718809157,255.40683653485337,High
raipur,Andhra Pradesh,131,0.6057875457875458,127.4,0.6599999999999999,13.163999999999998,5645.0,21.20951308,81.69002968,200.98612637362635,Low
siliguri,Maharashtra,145,0.4886167672197084,182.4,0.692,13.751999999999999,5418.2,26.7367412,88.41346296,217.78760301659125,Medium
surat,Kerala,154,0.41973579782790316,108.8,0.748,15.744,4987.8,21.17017850523022,72.78722367205623,218.4259739348371,Medium
tiruchirappalli,Madhya Pradesh,169,0.42278215851442397,188.66666666666666,0.75,14.216666666666667,6151.0,10.813799750000001,78.69747338333333,223.84229808876606,Medium
tirupati,Maharashtra,54,0.5126436781609195,96.66666666666667,0.6466666666666666,13.166666666666666,5535.0,13.633331333333333,79.44105976666667,190.14681034482757,Low
tirur,Tamil Nadu,32,0.46875,43.0,0.9,19.45,1794.0,10.9235812,75.9131205,242.7095,Medium
trichur,Karnataka,34,0.3339920948616601,34.0,0.69,14.08,8585.5,10.569187363603,76.11444951763116,180.86251284584984,Low
trivandrum,Uttar Pradesh,136,0.49387494074278965,135.16666666666666,0.5983333333333333,15.311666666666667,7436.5,8.517285044878003,76.93850759234581,220.40116488895038,Medium
vijayawada,Maharashtra,66,0.9930875576036867,170.66666666666666,0.7266666666666667,18.276666666666667,4747.0,16.500293333333335,80.65097273333333,275.7661267281106,High
visakhapatnam,Delhi,192,0.608519645735796,134.25,0.64375,14.508750000000001,6526.875,17.74734983284296,83.282422139418,216.26277687207389,Medium
